[{"model": "contenttypes.contenttype", "pk": 1, "fields": {"app_label": "contenttypes", "model": "contenttype"}}, {"model": "contenttypes.contenttype", "pk": 2, "fields": {"app_label": "sessions", "model": "session"}}, {"model": "contenttypes.contenttype", "pk": 3, "fields": {"app_label": "users", "model": "coupon"}}, {"model": "contenttypes.contenttype", "pk": 4, "fields": {"app_label": "users", "model": "user"}}, {"model": "contenttypes.contenttype", "pk": 5, "fields": {"app_label": "users", "model": "usercoupon"}}, {"model": "contenttypes.contenttype", "pk": 6, "fields": {"app_label": "users", "model": "address"}}, {"model": "contenttypes.contenttype", "pk": 7, "fields": {"app_label": "products", "model": "bundleoption"}}, {"model": "contenttypes.contenttype", "pk": 8, "fields": {"app_label": "products", "model": "product"}}, {"model": "contenttypes.contenttype", "pk": 9, "fields": {"app_label": "products", "model": "colorsizeoption"}}, {"model": "contenttypes.contenttype", "pk": 10, "fields": {"app_label": "products", "model": "category"}}, {"model": "contenttypes.contenttype", "pk": 11, "fields": {"app_label": "products", "model": "subimage"}}, {"model": "contenttypes.contenttype", "pk": 12, "fields": {"app_label": "products", "model": "color"}}, {"model": "contenttypes.contenttype", "pk": 13, "fields": {"app_label": "products", "model": "size"}}, {"model": "contenttypes.contenttype", "pk": 14, "fields": {"app_label": "products", "model": "descriptionimage"}}, {"model": "contenttypes.contenttype", "pk": 15, "fields": {"app_label": "orders", "model": "cart"}}, {"model": "contenttypes.contenttype", "pk": 16, "fields": {"app_label": "orders", "model": "order"}}, {"model": "contenttypes.contenttype", "pk": 17, "fields": {"app_label": "orders", "model": "cartproduct"}}, {"model": "contenttypes.contenttype", "pk": 18, "fields": {"app_label": "orders", "model": "orderproduct"}}, {"model": "contenttypes.contenttype", "pk": 19, "fields": {"app_label": "users", "model": "wishlist"}}, {"model": "contenttypes.contenttype", "pk": 20, "fields": {"app_label": "orders", "model": "status"}}, {"model": "contenttypes.contenttype", "pk": 21, "fields": {"app_label": "reviews", "model": "review"}}, {"model": "contenttypes.contenttype", "pk": 22, "fields": {"app_label": "reviews", "model": "reviewlike"}}, {"model": "contenttypes.contenttype", "pk": 23, "fields": {"app_label": "reviews", "model": "reviewimage"}}, {"model": "contenttypes.contenttype", "pk": 24, "fields": {"app_label": "reviews", "model": "comment"}}, {"model": "contenttypes.contenttype", "pk": 25, "fields": {"app_label": "products", "model": "bannerimage"}}, {"model": "users.user", "pk": 1, "fields": {"email": "mun@gmail.com", "password": "1234", "name": "희원", "phone_number": "01022229999", "is_active": true, "mileage": 0, "created_at": "2021-04-13T13:59:46.008", "updated_at": "2021-04-13T13:59:46.008"}}, {"model": "users.user", "pk": 2, "fields": {"email": "munhw1408@gmail.com", "password": "$2b$12$2HgbQtmY/LU/Xya/OS5mPOBE7YB3aDc2u5Dk0ku6lrBUytYaIVx72", "name": "문희원", "phone_number": "01020501407", "is_active": true, "mileage": 0, "created_at": "2021-04-14T16:12:06.745", "updated_at": "2021-04-14T16:12:06.745"}}, {"model": "users.user", "pk": 3, "fields": {"email": "danbizzang@naver.com", "password": "$2b$12$EYsV1Xr2qrvyKxByzsOEZuWWfFY9bWj8qj.pIz5LohwTBZgO5jD0a", "name": "하잉", "phone_number": "123456788", "is_active": true, "mileage": 0, "created_at": "2021-04-14T17:26:59.464", "updated_at": "2021-04-14T17:26:59.464"}}, {"model": "users.user", "pk": 4, "fields": {"email": "danbizzangs@naver.com", "password": "$2b$12$dNE9L7DNaw7fHbhokeVBSuE2NkU7i8fmduC90EqCilWoLliflHtaq", "name": "ㅎ잉", "phone_number": "0101234567", "is_active": true, "mileage": 0, "created_at": "2021-04-14T18:03:02.526", "updated_at": "2021-04-14T18:03:02.526"}}, {"model": "users.user", "pk": 5, "fields": {"email": "abcd@naver.com", "password": "$2b$12$uPz2BM8qi6B2r18Yu.HmFevVvz7TiMCF3ncqbLk6gMVV4NxvyhzVy", "name": "gkdld하잉", "phone_number": "987654321", "is_active": true, "mileage": 0, "created_at": "2021-04-14T21:25:02.704", "updated_at": "2021-04-14T21:25:02.704"}}, {"model": "users.user", "pk": 6, "fields": {"email": "dfafaf@naver.com", "password": "$2b$12$eiUdI.C4nNpQUeu0opXyDOuD7RREQw/rso1ELPUdxYbhntkWBF8Zy", "name": "박단비", "phone_number": "1212131414", "is_active": true, "mileage": 0, "created_at": "2021-04-15T17:50:50.356", "updated_at": "2021-04-15T17:50:50.357"}}, {"model": "users.user", "pk": 7, "fields": {"email": "addhadhd@naver.com", "password": "$2b$12$WIuYFWeKvf3a..khSbfsDu7oVIJVWlzXWetOjPHmwRJjx089QroHq", "name": "adfadf", "phone_number": "3622773734", "is_active": true, "mileage": 0, "created_at": "2021-04-15T19:24:21.493", "updated_at": "2021-04-15T19:24:21.493"}}, {"model": "users.user", "pk": 8, "fields": {"email": "fadf@naver.com", "password": "$2b$12$ZcsRet9BUt7Z2KH8QwtH.uJNkUe4Kh7LE2YcQdKhJFiwxCzH04die", "name": "dfadfadf", "phone_number": "45345345345", "is_active": true, "mileage": 0, "created_at": "2021-04-15T19:36:14.076", "updated_at": "2021-04-15T19:36:14.076"}}, {"model": "users.user", "pk": 9, "fields": {"email": "adfadf@naver.com", "password": "$2b$12$kCRbNUOvCC00zXS1lnD/LeW0HVI1Xv75AwIp2NzbUGoeOW5BH.icO", "name": "adfadf", "phone_number": "76756756756", "is_active": true, "mileage": 0, "created_at": "2021-04-15T19:40:57.162", "updated_at": "2021-04-15T19:40:57.162"}}, {"model": "users.address", "pk": 1, "fields": {"user": 2, "postal_code": "06044", "main_address": "서울시 강남구 논현동 53-1", "detail_address": "202호", "is_main": true, "phone_number": "01020501407"}}, {"model": "users.address", "pk": 2, "fields": {"user": 2, "postal_code": "01011", "main_address": "서울시 강남구 대치동 41번지", "detail_address": "홍 아파트 101동 101호", "is_main": false, "phone_number": "01022229888"}}, {"model": "users.address", "pk": 3, "fields": {"user": 4, "postal_code": "01011", "main_address": "서울시 강남구 대치동 41번지", "detail_address": "홍 아파트 101동 102호", "is_main": true, "phone_number": "01011113338"}}, {"model": "products.category", "pk": 2, "fields": {"name": "패브릭"}}, {"model": "products.category", "pk": 3, "fields": {"name": "홈데코"}}, {"model": "products.category", "pk": 4, "fields": {"name": "홈케어"}}, {"model": "products.product", "pk": 2, "fields": {"name": "[제습제 증정]한여름 이불", "price": "99000.00", "description": "한여름에도 시원하게", "discount_rate": "0.00", "thumbnail_url": "http://mobileimages.lowes.com//product/converted/100125/1001257872.jpg?size=pdhi", "category": 2, "created_at": "2021-04-14T17:18:34.046", "updated_at": "2021-04-14T17:18:34.047"}}, {"model": "products.product", "pk": 3, "fields": {"name": "포켓 세탁세제", "price": "20000.00", "description": "하나만 쏘옥, 세탁을 간편하게", "discount_rate": "0.05", "thumbnail_url": "//gong100.kr/web/product/big/202009/dae4dca1967a25564be76083c1035300.jpg", "category": 4, "created_at": "2021-04-15T11:32:41.709", "updated_at": "2021-04-15T11:32:41.709"}}, {"model": "products.product", "pk": 4, "fields": {"name": "곰팡이 제거젤", "price": "25800.00", "description": "손에 물 안묻히고 곰팡이를 제거하자", "discount_rate": "0.10", "thumbnail_url": "//gong100.kr/web/product/big/201905/b44d70395e656e5ad68ebbf22b13bbc2.png", "category": 4, "created_at": "2021-04-15T13:12:29.387", "updated_at": "2021-04-15T13:12:29.387"}}, {"model": "products.subimage", "pk": 1, "fields": {"image_url": "//gong100.kr/web/product/extra/big/202009/efa0b1cc22116bd524f69a23489754e8.jpg", "color": null, "product": 3}}, {"model": "products.subimage", "pk": 2, "fields": {"image_url": "//gong100.kr/web/product/extra/big/202009/b99af1da118acb7e807d621aefeb925d.jpg", "color": null, "product": 3}}, {"model": "products.subimage", "pk": 3, "fields": {"image_url": "//gong100.kr/web/product/extra/big/202009/ebe3d9b08993e877f1a7a1150c81af54.jpg", "color": null, "product": 3}}, {"model": "products.subimage", "pk": 4, "fields": {"image_url": "//gong100.kr/web/product/extra/big/202009/8fdb0901f313832a703e09d2ef825bdd.jpg", "color": null, "product": 3}}, {"model": "products.subimage", "pk": 5, "fields": {"image_url": "//gong100.kr/web/product/big/202009/dae4dca1967a25564be76083c1035300.jpg", "color": null, "product": 3}}, {"model": "products.descriptionimage", "pk": 1, "fields": {"image_url": "/web/upload/NNEditor/20200917/EC8AA4EC9CBDEBBF85.gif", "product": 3, "sequence": 0}}, {"model": "products.descriptionimage", "pk": 2, "fields": {"image_url": "/web/upload/NNEditor/20200917/ED8FACECBC93EC84B8ED8381EC84B8ECA09C_ver1_01_01.jpg", "product": 3, "sequence": 1}}, {"model": "products.descriptionimage", "pk": 3, "fields": {"image_url": "/web/upload/NNEditor/20200917/EC82ACEC9AA9EBB295.gif", "product": 3, "sequence": 2}}, {"model": "products.descriptionimage", "pk": 4, "fields": {"image_url": "/web/upload/NNEditor/20200917/ED8FACECBC93EC84B8ED8381EC84B8ECA09C_ver1_01_03.jpg", "product": 3, "sequence": 3}}, {"model": "products.descriptionimage", "pk": 5, "fields": {"image_url": "/web/upload/NNEditor/20210304/E18491E185A9E1848FE185A6E186BAE18489E185A6E18490E185A1E186A8E18489E185A6E1848CE185A6_ver1_01_05.jpg", "product": 3, "sequence": 4}}, {"model": "products.descriptionimage", "pk": 6, "fields": {"image_url": "/web/upload/NNEditor/20200917/ED8FACECBC93EC84B8ED8381EC84B8ECA09C_ver1_02_01.jpg", "product": 3, "sequence": 5}}, {"model": "products.color", "pk": 1, "fields": {"name": "녹색", "hex_code": "#FF5733"}}, {"model": "products.color", "pk": 2, "fields": {"name": "남색", "hex_code": "#A4EC9B"}}, {"model": "products.size", "pk": 1, "fields": {"name": "K"}}, {"model": "products.size", "pk": 2, "fields": {"name": "Q"}}, {"model": "products.bundleoption", "pk": 1, "fields": {"name": "딥클린 30개입 1팩", "product": 3, "price_gap": "4000.00", "stock": 150}}, {"model": "products.bundleoption", "pk": 2, "fields": {"name": "울케어 20개입 1팩", "product": 3, "price_gap": "-1000.00", "stock": 150}}, {"model": "products.bundleoption", "pk": 3, "fields": {"name": "곰팡이 제거젤 120ML * 5", "product": 4, "price_gap": "19100.00", "stock": 200}}, {"model": "products.colorsizeoption", "pk": 1, "fields": {"product": 2, "color": 1, "size": 1, "stock": 200}}, {"model": "products.colorsizeoption", "pk": 2, "fields": {"product": 2, "color": 1, "size": 2, "stock": 140}}, {"model": "products.colorsizeoption", "pk": 3, "fields": {"product": 2, "color": 2, "size": 1, "stock": 180}}, {"model": "products.colorsizeoption", "pk": 4, "fields": {"product": 2, "color": 2, "size": 2, "stock": 0}}, {"model": "products.bannerimage", "pk": 1, "fields": {"image_url": "https://e.staedtlercdn.com/fileadmin/_processed_/c/1/csm_FIMOair_light_BetonLookLetters_LiveLoveLaugh_Milieu_V3_32a8eda27e.jpg"}}, {"model": "orders.order", "pk": 1, "fields": {"user": 2, "status": 1, "address": 1, "used_coupon": null, "total_price": "99000.00", "created_at": "2021-04-14T18:04:02.429", "updated_at": "2021-04-14T18:04:02.429"}}, {"model": "orders.order", "pk": 2, "fields": {"user": 4, "status": 2, "address": null, "used_coupon": null, "total_price": "0.00", "created_at": "2021-04-15T21:17:04.308", "updated_at": "2021-04-15T21:17:04.308"}}, {"model": "orders.orderproduct", "pk": 1, "fields": {"order": 1, "product": 2, "color_size": null, "bundle": null, "quantity": 3}}, {"model": "orders.orderproduct", "pk": 2, "fields": {"order": 2, "product": 2, "color_size": null, "bundle": null, "quantity": 10}}, {"model": "orders.orderproduct", "pk": 3, "fields": {"order": 2, "product": 3, "color_size": null, "bundle": null, "quantity": 5}}, {"model": "orders.status", "pk": 1, "fields": {"name": "장바구니"}}, {"model": "orders.status", "pk": 2, "fields": {"name": "결제대기"}}, {"model": "orders.status", "pk": 3, "fields": {"name": "결제완료"}}, {"model": "orders.status", "pk": 4, "fields": {"name": "배송중"}}, {"model": "orders.status", "pk": 5, "fields": {"name": "배송완료"}}]